{
   "product": [
        {
        "id": "1",
        "createdAt": "2021-05-05T04:51:06.205Z",
        "name": "Maxwell Auer",
        "avatar": "https://s3.amazonaws.com/uifaces/faces/twitter/finchjke/128.jpg"
        },
        {
        "id": "2",
        "createdAt": "2021-05-05T07:10:30.034Z",
        "name": "Layla Turcotte",
        "avatar": "https://s3.amazonaws.com/uifaces/faces/twitter/jmfsocial/128.jpg"
        },
        {
        "id": "3",
        "createdAt": "2021-05-05T15:53:51.101Z",
        "name": "Reina Hilpert",
        "avatar": "https://s3.amazonaws.com/uifaces/faces/twitter/bergmartin/128.jpg"
        },
        {
        "id": "4",
        "createdAt": "2021-05-05T21:15:16.490Z",
        "name": "Ms. Liza Christiansen",
        "avatar": "https://s3.amazonaws.com/uifaces/faces/twitter/trueblood_33/128.jpg"
        },
        {
        "id": "5",
        "createdAt": "2021-05-05T23:31:17.452Z",
        "name": "Ryder Deckow Sr.",
        "avatar": "https://s3.amazonaws.com/uifaces/faces/twitter/adellecharles/128.jpg"
        },
        {
        "id": "6",
        "createdAt": "2021-05-05T14:58:40.881Z",
        "name": "Fritz Quigley",
        "avatar": "https://s3.amazonaws.com/uifaces/faces/twitter/paulfarino/128.jpg"
        },
        {
        "id": "7",
        "createdAt": "2021-05-05T04:35:32.391Z",
        "name": "Florence Will",
        "avatar": "https://s3.amazonaws.com/uifaces/faces/twitter/dreizle/128.jpg"
        },
        {
        "id": "8",
        "createdAt": "2021-05-06T02:57:05.196Z",
        "name": "Mrs. Velva Schmeler",
        "avatar": "https://s3.amazonaws.com/uifaces/faces/twitter/brandonburke/128.jpg"
        },
        {
        "id": "9",
        "createdAt": "2021-05-05T23:17:32.223Z",
        "name": "Pat Hilll",
        "avatar": "https://s3.amazonaws.com/uifaces/faces/twitter/dahparra/128.jpg"
        },
        {
        "id": "10",
        "createdAt": "2021-05-05T22:08:16.936Z",
        "name": "Lori McClure",
        "avatar": "https://s3.amazonaws.com/uifaces/faces/twitter/vocino/128.jpg"
        },
        {
        "id": "11",
        "createdAt": "2021-05-05T23:12:12.911Z",
        "name": "Joana Boyle",
        "avatar": "https://s3.amazonaws.com/uifaces/faces/twitter/jnmnrd/128.jpg"
        },
        {
        "id": "12",
        "createdAt": "2021-05-06T01:25:56.862Z",
        "name": "Iva Marquardt",
        "avatar": "https://s3.amazonaws.com/uifaces/faces/twitter/millinet/128.jpg"
        },
        {
        "id": "13",
        "createdAt": "2021-05-05T11:49:21.245Z",
        "name": "Alyson Hand",
        "avatar": "https://s3.amazonaws.com/uifaces/faces/twitter/peejfancher/128.jpg"
        },
        {
        "id": "14",
        "createdAt": "2021-05-05T21:52:17.267Z",
        "name": "Dillan McLaughlin",
        "avatar": "https://s3.amazonaws.com/uifaces/faces/twitter/cboller1/128.jpg"
        },
        {
        "id": "15",
        "createdAt": "2021-05-05T14:01:21.088Z",
        "name": "Theresa Kertzmann",
        "avatar": "https://s3.amazonaws.com/uifaces/faces/twitter/kostaspt/128.jpg"
        },
        {
        "id": "16",
        "createdAt": "2021-05-05T14:10:30.500Z",
        "name": "Connie Wolf",
        "avatar": "https://s3.amazonaws.com/uifaces/faces/twitter/estebanuribe/128.jpg"
        },
        {
        "id": "17",
        "createdAt": "2021-05-05T09:42:51.228Z",
        "name": "Verdie Skiles",
        "avatar": "https://s3.amazonaws.com/uifaces/faces/twitter/shaneIxD/128.jpg"
        },
        {
        "id": "18",
        "createdAt": "2021-05-05T18:51:28.410Z",
        "name": "Gunner Muller",
        "avatar": "https://s3.amazonaws.com/uifaces/faces/twitter/joetruesdell/128.jpg"
        },
        {
        "id": "19",
        "createdAt": "2021-05-06T01:00:39.341Z",
        "name": "Ashly Ferry",
        "avatar": "https://s3.amazonaws.com/uifaces/faces/twitter/necodymiconer/128.jpg"
        },
        {
        "id": "20",
        "createdAt": "2021-05-05T03:51:36.895Z",
        "name": "Una Zieme",
        "avatar": "https://s3.amazonaws.com/uifaces/faces/twitter/thinkleft/128.jpg"
        },
        {
        "id": "21",
        "createdAt": "2021-05-05T06:20:40.137Z",
        "name": "Reyna Kunde",
        "avatar": "https://s3.amazonaws.com/uifaces/faces/twitter/alterchuca/128.jpg"
        },
        {
        "id": "22",
        "createdAt": "2021-05-05T20:15:18.780Z",
        "name": "Genevieve Renner",
        "avatar": "https://s3.amazonaws.com/uifaces/faces/twitter/runningskull/128.jpg"
        },
        {
        "id": "23",
        "createdAt": "2021-05-06T02:02:05.316Z",
        "name": "Maddison Huels",
        "avatar": "https://s3.amazonaws.com/uifaces/faces/twitter/kostaspt/128.jpg"
        },
        {
        "id": "24",
        "createdAt": "2021-05-05T03:55:25.999Z",
        "name": "Armand Lynch",
        "avatar": "https://s3.amazonaws.com/uifaces/faces/twitter/kojourin/128.jpg"
        },
        {
        "id": "25",
        "createdAt": "2021-05-05T17:56:46.424Z",
        "name": "Randy Funk",
        "avatar": "https://s3.amazonaws.com/uifaces/faces/twitter/balintorosz/128.jpg"
        },
        {
        "id": "26",
        "createdAt": "2021-05-06T01:15:05.540Z",
        "name": "Lorenza Baumbach",
        "avatar": "https://s3.amazonaws.com/uifaces/faces/twitter/jervo/128.jpg"
        },
        {
        "id": "27",
        "createdAt": "2021-05-05T12:55:48.905Z",
        "name": "Tyree Kessler",
        "avatar": "https://s3.amazonaws.com/uifaces/faces/twitter/buleswapnil/128.jpg"
        },
        {
        "id": "28",
        "createdAt": "2021-05-05T06:54:46.124Z",
        "name": "Vincenza Casper",
        "avatar": "https://s3.amazonaws.com/uifaces/faces/twitter/bereto/128.jpg"
        },
        {
        "id": "29",
        "createdAt": "2021-05-05T21:36:11.913Z",
        "name": "Trenton Williamson",
        "avatar": "https://s3.amazonaws.com/uifaces/faces/twitter/kylefrost/128.jpg"
        }
        ]
}
